,Name
0,Abricots-secs
1,Absinth
2,Aceite-de-coco
3,Agua
4,Ale
5,Algues-et-derives
6,Aliment-pour-chevaux
7,Alimentos-de-origen-vegetal
8,Aliments-d-origine-vegetale
9,Alkoholische-getranke
10,All-steak-pie
11,Almond-chocolate
12,Almond-fingers
13,Almond-flavouring
14,Almond-milk-yogurt
15,Almond-powder
16,Aloe-vera-drink
17,Amaretto
18,Anchovy-paste
19,Angel-hair
20,Aoli-sauce
21,Aperitif
22,Apple-and-pear-juices
23,Apple-blackcurrant-drink
24,Apple-cider
25,Apple-cider-vinegar
26,Apple-juice-from-concentrate
27,Apple-pear-juice
28,Apricot-conserve
29,Apricot-fruit-bar
30,Artichauts-en-conserve
31,Artificial-flavor
32,Artisan products
33,Artisan-bread-mix
34,Asian-condiments
35,Asian-cooking
36,Asian-food
37,Asian-foods
38,Asian-grocery
39,Asian-sauces
40,Asparagus-tips
41,Asperges
42,Asperges-en-conserve
43,Assortiment-de-fromages
44,Avocadoes
45,Baby foods
46,Baby-beetroot
47,Baby-peas
48,Baby-rocket
49,Baby-sanmarzano-tomatoes
50,Baby-spinach
51,Babycorn
52,Backpulver
53,Baguettes-de-pain
54,Baked-beans
55,Baked-beans-in-tomato-sauce
56,Baked-beans-with-pork-sausages-in-tomato-sauce
57,Baked-goods
58,Bakery
59,Baking
60,Baking-powder
61,Balsamic-vinaigrette
62,Balsamic-vinaigrette-dressing
63,Bambusstreifen
64,Banana-chips
65,Banana-flavour-mix-and-added-vitamins-and-minerals-for-milk
66,Banana-nut-loaf
67,Barbeque-sauce
68,Barres-de-cereales
69,Barritas
70,Basa-fish
71,Bathroom
72,Bay-leaves
73,Bbq-relish
74,Bean-flour
75,Beans
76,Bee products
77,Beef-broth
78,Beef-burgers
79,Beef-jerky
80,Beef-lasagne
81,Beef-mince
82,Beef-pie
83,Beef-sausages
84,Beef-stroganoff
85,Beer-batter-fries
86,Beers-from-stralsund
87,Beetroot-juice
88,Berries-preserve
89,Berry-mueslis
90,Beverages
91,Bhakarwadi
92,Bhuja
93,Biere
94,Bieres
95,Bieres-blondes
96,Bircarbonate-of-soda
97,Birthday-cake
98,Biryani
99,Biscottes
100,Biscotti
101,Biscuits-aperitifs-sales
102,Biscuits-au-chocolat
103,Biscuits-au-chocolat-noir
104,Biscuits-chocolates
105,Biscuits-sucres
106,Biscuits-with-dark-chocolate
107,Biskuvi
108,Bison
109,Bitters
110,Black-rice
111,Black-truffle-oil
112,Blackcurrant-juice-syrup
113,Blackcurrent-juice-drink
114,Blended-scotch-whiskey
115,Blended-scotch-whisky
116,Blinis
117,Blue-cheese-yogurt-dressing
118,Blue-stilton
119,Blueberry-muffins
120,Blueberry-syrup
121,Boeuf
122,Boeuf-bourguignon
123,Boisson-naturelle-rafraichissante-a-base-de-plantes-et-de-fruits
124,Boisson-sucree-non-alcoolisee
125,Boissons
126,Boissons-aux-fruits
127,Bonbons-a-la-menthe
128,Bonbons-au-chocolat
129,Boneless-pork-loin-steak
130,Bottled-still-water
131,Bottled-water
132,Bouillonterning
133,Boxed-chocolates
134,Brandy-snaps
135,Brassica
136,Brawn
137,Bread-mix
138,Bread-rolls
139,Breaded products
140,Breaded-chicken
141,Breaded-ham
142,Breakfast-biscuits
143,Breakfast-granola
144,Breakfasts
145,Brick
146,Brie-cheese
147,Broden
148,Brown-onions
149,Brownie
150,Bruschetta
151,Brussels-pate
152,Burger-relish
153,Burrito-kit
154,Butter-chicken
155,Butter-shortbread-fingers
156,Butters-spreads
157,By-appointment-to-her-majesty-queen-elizabeth-ii
158,Cacao-en-poudre
159,Cactus
160,Caesar-dressing
161,Cafe-en-dosettes-compatible-nespresso
162,Cafe-moulu
163,Cafes-solubles
164,Caffe
165,Cake-icing
166,Cake-mix
167,Calmars
168,Camembert-cheese
169,Cancoillottes
170,Canned foods
171,Canned-apricots
172,Canned-asian-vegetables
173,Canned-beverages
174,Canned-coconut-milk
175,Canned-crab-meat
176,Canned-fruit-salad
177,Canned-lamb-tongue
178,Canned-mussels
179,Canned-oysters
180,Canned-peaches
181,Canned-pineapple
182,Canned-prawns
183,Canned-precooked-meat
184,Canned-tuna-in-lemon
185,Cannellini-beans
186,Canneloni
187,Capers
188,Cappuccino-swiss-roll
189,Capsicums
190,Caramel-dessert
191,Caramel-flavored-topping
192,Caramel-popcorn
193,Caramel-wafer-bars
194,Caramelized-red-onion-chutney
195,Caramels-au-beurre-sale
196,Carbonated-soda-water
197,Cardamom-pods
198,Cardamom-tea
199,Carots
200,Carrot-cake
201,Carrot-coriander-soup
202,Cashews
203,Cauliflower-cheese
204,Caviar substitutes
205,Caviars
206,Cayenne-pepper-sauce
207,Cereales
208,Cereales-pour-le-petit-dejeuner
209,Charcuteries
210,Cheddar-baguettes
211,Cheese-analogues
212,Cheese-crackers
213,Cheese-puffs
214,Cheese-singles
215,Cherry-juice
216,Cherry-pie-filling
217,Chesnut-mushrooms
218,Chestnut-mushrooms
219,Chia-samen
220,Chia-seeds
221,Chick-peas
222,Chicken-breast-curry-with-tomato-spinach-sauce
223,Chicken-breast-fillets
224,Chicken-burger
225,Chicken-burgers
226,Chicken-eggs
227,Chicken-feet
228,Chicken-fillet-burger
229,Chicken-kebabs
230,Chicken-kiev
231,Chicken-kievs
232,Chicken-meat
233,Chicken-mushroom-pie
234,Chicken-pies
235,Chicken-powder
236,Chicken-stock
237,Chicken-thighs
238,Chicken-thighs-fillets
239,Chicken-tikka-masala
240,Chicoree
241,Chili-con-carne
242,Chilisauce
243,Chilli-con-carne
244,Chilli-con-carne-sauce
245,Chilli-sauce
246,Chillies
247,Chinese
248,Chinese-cabbage
249,Chinese-cinnamon-sticks
250,Chinese-food
251,Chips
252,Chips and fries
253,Chocolat
254,Chocolat-au-lait
255,Chocolate-block
256,Chocolate-bunny
257,Chocolate-chip-cookies
258,Chocolate-chunks
259,Chocolate-coins
260,Chocolate-covered-muesli-bar
261,Chocolate-drops
262,Chocolate-fudge
263,Chocolate-ice-cream
264,Chocolate-mints
265,Chocolate-mousse
266,Chocolate-muffin
267,Chocolate-rice-cakes
268,Chocolate-sauces
269,Chocolate-sultanas
270,Chocolate-trifle
271,Chocolate-with-raspberries
272,Chocolats
273,Chocolats-blancs
274,Chopeed-tomatoes
275,Chopped-tomatoes
276,Chorizo
277,Chorizos
278,Choux-farcis
279,Choux-fleurs-en-fleurettes-surgeles
280,Chow-mein
281,Christmas-food
282,Churned-cream
283,Chutney
284,Ciabatta
285,Cigarettes
286,Cikolata
287,Cinamon-donuts
288,Cinnamon-cookies
289,Cinnamon-raisin-bagels
290,Cinnamon-roll
291,Cioccolatini
292,Citrouille-en-conserve
293,Citrus-punch
294,Coca-cola
295,Coca-sandwich-biscuits
296,Cocktail-sauces
297,Coconut-cream
298,Coconut-creams
299,Coconut-flour
300,Coconut-juice
301,Coconut-lime-icecream
302,Coconut-macaroons
303,Coconut-milk-powder
304,Coconut-water
305,Coconut-waters
306,Coffee-cake
307,Coffee-creamer
308,Coffee-flavoured-milk
309,Coffee-ice-cream
310,Coffee-substitute
311,Cold-meats
312,Coleslaw-dressing
313,Colorants-alimentaires
314,Complements-alimentaires
315,Compota
316,Concombres
317,Condiment-en-poudre
318,Cones
319,Confectioner
320,Confiseries
321,Confiture-biologique
322,Confitures-allegees
323,Confitures-de-fraises
324,Conservation
325,Conserves
326,Cooked-vegetables
327,Cookies-chocolate
328,Cooking-chocolate
329,Cooking-oil
330,Copeaux-de-chocolat-noir
331,Coq-au-vin
332,Cordial
333,Cordials
334,Coriandre
335,Corn-kernels
336,Corn-snacks
337,Corn-thins
338,Corn-tortilla
339,Corn-tortilla-chips
340,Cornbreads
341,Corned-beef
342,Cornichons
343,Cornichons-au-vinaigre-pasteurises
344,Cornish-pasties
345,Cosmetics
346,Cottage-cheese
347,Cottage-cheeses
348,Cough-lozenges
349,Cous-cous
350,Couscous
351,Crab-pate
352,Crackers-sans-gluten
353,Cranberry-drink
354,Cranberry-juice-drink
355,Cream-cheese-spreads
356,Cream-horseradish
357,Cream-of-tartar
358,Crema-spalmabile
359,Creme-brulee
360,Creme-caramel
361,Creme-chocolat
362,Cremes-desserts
363,Cremes-fraiches-epaisses
364,Cremes-glacees
365,Cremes-vegetales-a-base-de-coco-pour-cuisiner
366,Crems-glacees
367,Crevettes
368,Crevettes-roses
369,Crisp-rolls
370,Croissant-with-cocoa-cream
371,Croque-monsieur
372,Crossiants
373,Crsips
374,Crumpets
375,Crêpes and galettes
376,Cucumbers-in-brine
377,Cukor
378,Curd-cheese
379,Cured-ham
380,Cured-sausage
381,Curries
382,Curry
383,Custard
384,Custard-powder
385,Custard-tarts
386,Dairies
387,Damn-if-i-know
388,Danette-chocolate-dessert
389,Dark-chocolate-block
390,Dark-soy-sauce
391,Deep-fried
392,Dehydrated-mulberries
393,Delizio-compatible-coffee-capsules
394,Deshydrated-fruit
395,Dessert-lacte
396,Dessert-mixes
397,Desserts
398,Diced-peaches-in-juice
399,Diced-pork
400,Diced-tomatoes
401,Diet-colas
402,Dietary supplements
403,Dill-sauce
404,Dilute-drink
405,Dindes
406,Distilled-malt-vinegar
407,Dolce-gusto-compatible-coffee-capsules
408,Dolminades
409,Donut
410,Donuts
411,Double-chocolate-milk
412,Dr-pepper-soft-drink
413,Draje-sakız
414,Dried products
415,Dried-mango
416,Dried-meat
417,Dried-parmesan-cheese
418,Dried-pasta
419,Dried-sausages
420,Dried-spices
421,Drinking-chocolate
422,Dry-meat
423,Dry-seasoning-mix
424,Duck-breast-filets
425,Dulces
426,Dumplings
427,Earl-grey
428,Easter-buns
429,Easter-egg
430,Eau-de-vie
431,Eaux-minerales
432,Edam
433,Edible-decorations
434,Edulcorant-avec-fruit-des-moines
435,Effervescent-vitamin
436,Egg-lasagne
437,Egg-salad
438,Egg-white-powder
439,Eggplant-dip
440,Eieren-van-kippen-met-vrije-uitloop
441,Elegance-tomatoes
442,Empty
443,Emu-jerky
444,Energy-ball
445,Energy-balls
446,English-mustard
447,Epices
448,Estragon
449,Extractos-de-levadura-untables
450,Fajitas
451,Farina
452,Farming products
453,Fat-free-milk
454,Fats
455,Faux-fromage
456,Fecules
457,Federweisser
458,Feta-cheese
459,Feuille-de-vigne
460,Feuilletes-chevre-epinards
461,Filets-de-poulet
462,Filo-dough
463,Fish and meat and eggs
464,Fish-can
465,Fish-sauce
466,Fizzy-drinks
467,Flavoured-cranberries
468,Flavoured-milk-drink
469,Flavoured-mineral-water-beverages
470,Flavoured-rice-cakes
471,Flavouring-extract
472,Flour-tortillas
473,Foies-gras
474,Food additives
475,Food-coulouring
476,Formulated-supplementary-food
477,Framboises
478,Freeze-dried foods
479,French-fries
480,Fresh foods
481,Fresh-apples
482,Fresh-asparagus
483,Fresh-bread
484,Fresh-brown-onions
485,Fresh-cabbage
486,Fresh-cakes
487,Fresh-carrots
488,Fresh-chicken
489,Fresh-coconut
490,Fresh-corn
491,Fresh-cream
492,Fresh-cucumbers
493,Fresh-dates
494,Fresh-drinking-coconut
495,Fresh-garlic
496,Fresh-herbs
497,Fresh-juices
498,Fresh-lamb-meat
499,Fresh-lemons
500,Fresh-mango
501,Fresh-pineapple
502,Fresh-prawns
503,Fresh-raspberries
504,Fresh-salads
505,Fresh-strawberries
506,Fresh-tomatoes
507,Fromage-a-pate-dure
508,Fromage-au-lait-cru
509,Fromage-frais
510,Fromages
511,Frozen foods
512,Frozen-apple-pies
513,Frozen-asian-food
514,Frozen-asian-foods
515,Frozen-asian-snack-foods
516,Frozen-asian-vegetables
517,Frozen-baby-octopus
518,Frozen-battered-fish
519,Frozen-bread
520,Frozen-calamari
521,Frozen-chicken
522,Frozen-chinese-spring-roll-snacks
523,Frozen-confectionary
524,Frozen-corn-cobs
525,Frozen-donuts
526,Frozen-dumpling
527,Frozen-dumplings
528,Frozen-ice-cream
529,Frozen-ice-creams
530,Frozen-peas
531,Frozen-petits-pois
532,Frozen-pork-buns
533,Frozen-potato-products
534,Frozen-prawn-cutlets
535,Frozen-prawns
536,Frozen-readymeals
537,Frozen-snacks
538,Frozen-snacks-aperitifs
539,Frozen-spring-rolls
540,Frozen-sweetcorn
541,Frozen-vegetable-mix
542,Frozen-vegetables-mix
543,Frucht-und-gemusebasierte-lebensmittel
544,Fruchtnektar
545,Fruchtschnitte
546,Fruit juices
547,Fruit juices and nectars
548,Fruit-and-nut-mix
549,Fruit-bar
550,Fruit-bread
551,Fruit-buns
552,Fruit-confectionary
553,Fruit-cups
554,Fruit-drink
555,Fruit-drinks
556,Fruit-flavored
557,Fruit-flavoured-drink
558,Fruit-juice-concentrate
559,Fruit-juice-drink
560,Fruit-mince-pies
561,Fruit-salad
562,Fruit-salad-in-juice
563,Fruit-spread
564,Fruit-spreads
565,Fruit-sticks
566,Fruits-en-conserve
567,Fruits-frais
568,Fruits-secs
569,Fudge
570,Fuet-met-zwarte-peper
571,Fusilli
572,Galettes-de-polenta
573,Garden-peas
574,Garlic-and-coriander-naan
575,Garlic-and-coriander-naans
576,Garlic-baguettes
577,Garlic-bread
578,Garlic-mashed-potatoes
579,Garlic-naan-breads
580,Gateau
581,Gateau-chinois
582,Gateaux
583,Gaufres
584,Gelati
585,Gelee-de-groseille
586,Genio-tomatoes
587,Genoa-salami
588,Getranke
589,Getrankeweisser
590,Getreide-und-getreideprodukte
591,Ghee
592,Gin
593,Gins
594,Ginseng-tea
595,Glace-cherries
596,Glaces
597,Gluhwein
598,Gnocchi
599,Goat-cheese-log
600,Goat-milk
601,Goat-milk-butter
602,Goat-milk-cheese
603,Goat-s-cheese
604,Goats-butter
605,Golden-syrup
606,Gourmet-pie
607,Graines
608,Grana-padano
609,Granen-en-aardappels
610,Granola-mix
611,Grape-juice-drink
612,Grape-tomatoes
613,Grated-parmesan-cheese
614,Gratin-de-chou-fleur
615,Gratins-de-legumes
616,Grattons
617,Gravy
618,Gravy-mix
619,Green olives
620,Green-basil
621,Green-bean-salad
622,Green-beans
623,Green-kale
624,Green-salad-and-vegetables
625,Green-salads
626,Griechische-joghurt
627,Groceries
628,Groenten
629,Ground-cinnamon
630,Groundnut-bar
631,Guava-juice
632,Gulab-jamun
633,Gum
634,Haferflocken
635,Hagelslag
636,Hamblokjes
637,Hard-cooked-peeled-eggs
638,Harengs
639,Haselnusse
640,Havarti-cheese
641,Hawaiian-sweet-rolls
642,Hazelnut-chocolate-spread
643,Helles-schankbier
644,Herring-fillets
645,Hidden-valley
646,Hoisin-sauce
647,Hokey-pokey-ice-cream-tubs
648,Hoki-fish-fillets
649,Holunder-bluten-sirup
650,Hommus
651,Hommus-dip
652,Honey-ham
653,Honey-roast-ham
654,Honey-roasted-sliced-almonds
655,Horseradish-sauce
656,Hot-chocolate
657,Hot-cocoa-mix
658,Hot-cocoa-powder
659,Hot-cross-buns
660,Hot-dog-mustard
661,Hot-fudge
662,Hot-fudge-topping
663,Hot-pepper-sauce
664,Ice-tea
665,Icecream
666,Iced-cookies
667,Iced-donuts
668,Iced-green-tea
669,Indian
670,Indian-food
671,Indian-food-mixes
672,Indian-meals
673,Indian-readymeals
674,Indian-sauces
675,Infant-powder-milk
676,Instant-dry-yeast
677,Instant-mashed-potato
678,Instant-porridge
679,Italian-sausages
680,Jaffa-cakes
681,Jambons-blancs
682,Jarred-asparagus
683,Jelly-crystals
684,Juice
685,Juice-beverage
686,Juice-drink
687,Juice-drinks
688,Juice-from-concentrate
689,Juice-milk-drink
690,Juices
691,Jus
692,Jus-d-orange
693,Jus-de-fruits
694,Kaffee
695,Kaffir-lime-leaves
696,Kakaopulver
697,Kale
698,Kale-salads
699,Kartoffelchips
700,Kase
701,Kauwgom
702,Kecap-manis
703,Kidney-beans
704,King-prawns
705,Kit-pour-fajitas
706,Kits
707,Kiwi-fruit
708,Klebreiskuchen
709,Kombucha
710,Kruidenpasta
711,Kruidentheeen
712,Kvarg
713,Labeled products
714,Lager-beer
715,Lait
716,Lait-de-vache-concentre-non-sucre
717,Lamb-breast
718,Lamb-chops
719,Lamb-fillet-shoulder
720,Lamb-ribs
721,Lasagne-sheets
722,Lasagnes-preparees
723,Latticini
724,Legumes-au-vinaigre
725,Legumes-prepares
726,Leite
727,Lemon-curd
728,Lemon-extract
729,Lemon-mousse
730,Lemongrass-paste
731,Lentil-soup
732,Levure
733,Levures
734,Licensed products
735,Likor
736,Lime-marmalades
737,Lime-pickle
738,Lindt-sea-salt-chocolate
739,Lingonberry-jams
740,Linsen
741,Liquid-honey
742,Liszt
743,Long-life-milk
744,Losenges
745,Low-fat-fresh-laban
746,Low-fat-high-calcium-milk
747,Luice
748,Maasdam-cheese
749,Macaroni
750,Macaroni-cheese
751,Mache
752,Mackeral
753,Mackerel-filets-in-sunflower-oil
754,Mackerel-fillets-in-brine
755,Mackerel-fillets-in-sunflower-oil
756,Madeira-cake
757,Madeleines-au-chocolat
758,Magarines
759,Mais
760,Mais-a-popcorn
761,Malt-drink
762,Malt-vinegar
763,Mandarin-juice
764,Mandarins-in-syrup
765,Mango
766,Mango-chutney
767,Mango-drink
768,Manuka-honey
769,Maple-butter
770,Marfona-variety
771,Marie-rose-sauce
772,Marinara-sauce
773,Marinated olives
774,Maris-piper-potatoes
775,Marshmallow-creme
776,Mashed-potatoes
777,Mate
778,Mature-blue-stilton
779,Matzos
780,Mayonaise
781,Mct-oil
782,Meals
783,Meat-paste
784,Meat-pie
785,Meat-pies
786,Meats
787,Medium-cheddar
788,Melange-d-epices-pour-guacamole
789,Melk
790,Melonen
791,Meta-category
792,Mexican-food
793,Mexican-sauces
794,Microwave-popcorn
795,Miels
796,Milch
797,Milchprodukt
798,Milk substitute
799,Milk-based-product
800,Milk-chocolate-digestives
801,Milk-chocolate-eggs
802,Milk-chocolate-filled-with-caramel
803,Milk-chocolate-spread
804,Milkshake
805,Minced-beef
806,Minced-beef-steak
807,Minced-garlic
808,Minced-lamb
809,Mineral-natural-water
810,Minestrone
811,Mini-portobello-mushrooms
812,Mint-chocolate
813,Mint-jellies
814,Mint-jelly
815,Mix
816,Mixed-chillies
817,Mixed-nuts
818,Moussakas
819,Mousse-de-foie-de-porc
820,Moutardes
821,Mozzarella-sticks
822,Muffin-mix
823,Muffins
824,Mulled-wine
825,Mulled-wine-spice
826,Multifruits
827,Multiseeded-sliced-bread
828,Multivitamin-supplement
829,Mushroom-in-sunflower-oil
830,Musliriegel
831,Nane-limon
832,Nans
833,Natural-spring-water
834,Natural-yoghurts
835,Nectar-de-fruit
836,Nectar-de-pommes
837,Noix-de-paprika
838,Non food products
839,Non-alcoholic-soft-drink
840,Non-dairy-soymilk
841,Nonpareil-capers
842,Nutella-biscuits
843,Nutrition-bar
844,Oatcakes
845,Octopus-balls
846,Oeufs-de-poisson
847,Olive-ciabatta
848,Olives
849,Olives-denoyautees
850,Olives-noires
851,Onion-relish
852,Orange-blossom-water
853,Orange-cake
854,Orange-chocolate
855,Orange-juice-from-concentrate
856,Oreo
857,Organic-and-premium-pepper-cambodia
858,Organic-certified
859,Organic-spelt-flour
860,Organic-tomatoes
861,Packaged-pancakes
862,Pain-pita-sucres
863,Pains-au-chocolat
864,Pains-burger
865,Pains-d-epices
866,Pains-de-mie
867,Pains-precuits
868,Pale-ale
869,Palm-sugar
870,Pan-di-spagna
871,Pancake-mix
872,Pancake-syrup
873,Pancakes-and-waffles
874,Pannekoeken
875,Pappardelle
876,Parve
877,Passionfruit-pulp
878,Pasta-bake-sauces
879,Paste
880,Pasteurized-milk
881,Pastilles-a-sucer
882,Pastrami
883,Pastry-dough
884,Pate
885,Pate-a-tartiner-pomme-poire
886,Pate-feuilletee
887,Pates
888,Pates-a-tartiner-aux-noisettes-et-au-cacao
889,Pates-fraiches
890,Pauillac
891,Paves-de-saumon
892,Pays-d-oc
893,Peach
894,Peach-drink
895,Peach-juice-drink
896,Peaches-sliced-in-syrup
897,Peanut-butter-and-chocolat-chip-cereal-bar
898,Peanut-butter-bliss
899,Peanut-butter-cup
900,Peanut-in-chocolate
901,Peanut-sauce
902,Pear-and-blackcurrant-juice
903,Pear-cider
904,Pecans
905,Peeled-plum-tomatoes
906,Peels
907,Penne
908,Penne-rigate
909,Persimmon
910,Pesce-curado
911,Pet food
912,Piccalilli
913,Piccolo-tomatoes
914,Pickles
915,Pie dough
916,Pierogies
917,Pies
918,Pina-colada
919,Pineapple-slices
920,Pineapple-slices-in-juice
921,Pitenza-tomatoes
922,Pitta-bread
923,Pitta-breads
924,Pitted-prunes
925,Pizza dough
926,Pizza-bases
927,Plaice
928,Plain-tortilla-wraps
929,Plant-based foods and beverages
930,Plastic-surgery
931,Plato-preparado-precocinado
932,Plats-prepares
933,Plats-prepares-surgeles
934,Poissons
935,Poivre-noir
936,Polenta
937,Popping-corn
938,Porc
939,Pork-chipolatas
940,Pork-chops
941,Pork-crackling
942,Pork-ham
943,Pork-mince
944,Pork-pie
945,Pork-pies
946,Pork-sausages
947,Porridge
948,Porridge-oats
949,Port
950,Potato-crips
951,Potato-salad
952,Poudres-cacao
953,Pousses-de-bambou
954,Powder
955,Power-drink
956,Pralinen
957,Pralines
958,Prawn-cocktail
959,Prawn-crackers
960,Precision-instruments
961,Precooked-meat
962,Premium-and-organic-pepper-from-cambodia
963,Prepackaged-lettuce
964,Prepackaged-sandwiches
965,Preparation-for-dessert
966,Preparations-de-viande-surgelees
967,Prepared-chicken
968,Prepared-fish
969,Prepared-foods
970,Prepared-salads
971,Pringles-potato-chips
972,Probiotic-drinks
973,Producto-de-aperitivo
974,Productos-lacteos
975,Products sold before year 2000
976,Products without gluten
977,Produits-laitiers
978,Produits-ssans-gluten
979,Profiteroles
980,Proposed for deletion
981,Prosciutto
982,Prosecco
983,Protein
984,Protein-powder-drink-mix
985,Prune-juice
986,Prunes
987,Psyllium-husk
988,Pumpernickel
989,Pumpkin-seed-pecan
990,Pumpkin-soup
991,Pure-australian-honey
992,Pure-chocolate
993,Pure-cod-liver-oil
994,Pure-orange-juice-not-from-concentrate
995,Purees-de-legumes
996,Purified-water
997,Purple-sprouting-broccoli
998,Quenelles
999,Quesos
1000,Quiches-lorraines
1001,Quinoa-and-rice
1002,Quso-duro
1003,Radish
1004,Raisin-bread
1005,Ramen
1006,Ranja
1007,Raspberries-in-syrup
1008,Raspberry-conserve
1009,Raspberry-preserve
1010,Ratatouille
1011,Ravioles
1012,Raw
1013,Raw-organic-honey
1014,Readymeals
1015,Recipe-mixes
1016,Red-ale
1017,Red-onions
1018,Red-salmon
1019,Red-seedless-grapes
1020,Redcurrant-tea
1021,Reduced-fat-milks
1022,Remoulade
1023,Rhum
1024,Ribbon-noodles
1025,Ribeye-steak
1026,Rice-cake
1027,Rice-cakes
1028,Rice-candy
1029,Rice-crackers
1030,Rice-flakes-sheet
1031,Rice-noodles
1032,Rice-paper
1033,Rice-wine
1034,Ricotta
1035,Riz
1036,Roast-ham
1037,Roasted-and-ground-coffee
1038,Roasted-eggplant
1039,Roasted-garlic
1040,Roma-tomatoes
1041,Root-beer
1042,Roquefort-cheese
1043,Rose-water
1044,Rye-pale-ale
1045,Sables
1046,Salad
1047,Salades-strasbourgeoises
1048,Salads
1049,Salmon-in-spring-water
1050,Salsa
1051,Salsa-chips
1052,Salted-peanuts
1053,Salted-snack
1054,Salty snacks
1055,Sambuca
1056,Samosas
1057,San-choy-bao
1058,Sandiwch
1059,Sandwich
1060,Sandwich-spread
1061,Sandwiches
1062,Sandwichs
1063,Sardines-in-brine
1064,Sauce-cocktail
1065,Saucisses-aux-lentilles
1066,Saucissons
1067,Saumon-atlantique
1068,Saumons-fumes
1069,Savoy-cabbage
1070,Schmelzkase
1071,Schnapps
1072,Schokoladen
1073,Schwarztees
1074,Scones
1075,Scotch-eggs
1076,Scottish-shortbread
1077,Seabass
1078,Seafood
1079,Seafood-salad
1080,Seed-mix
1081,Seed-style-mustard
1082,Seitan-bio
1083,Semolina
1084,Semoules-de-ble
1085,Semoules-de-ble-dur-pour-couscous
1086,Senate-bean-soup
1087,Shredded-cheese
1088,Shrimp-paste
1089,Sirloin-steak
1090,Sirop
1091,Sirop-de-fruits
1092,Sirops-de-menthe
1093,Skegness-blue
1094,Skim-milk
1095,Slaty-snack
1096,Sliced-beetroot
1097,Sliced-cheddar
1098,Sliced-jalapenos
1099,Smoked-cheese
1100,Smoked-haddock
1101,Smoked-ham
1102,Smoked-mussels
1103,Smoked-oysters-in-barbeque-sauce
1104,Smoked-paprika
1105,Snack
1106,Snack-bar
1107,Snack-mix
1108,Snack-sale
1109,Snackfoods
1110,Snacks
1111,Snow-peas
1112,Soap
1113,Soeppoeder
1114,Soft-cheese
1115,Soft-cheeses
1116,Soup-mix
1117,Soup-mixes
1118,Soupe
1119,Soupes
1120,Sourdough-bread
1121,South-african-merlot
1122,Soymilk
1123,Spaghetti-in-tomato-sauce
1124,Spam
1125,Spare-pork-ribs
1126,Sparkling-mineral-waters
1127,Sparkling-water-beverage
1128,Spearmint-sugarfree-gum
1129,Specialite-a-tartiner
1130,Specialite-basque
1131,Spice-red-pepper
1132,Spices-seasoning-mixes
1133,Splendid-artistry-coffee
1134,Spreads
1135,Spring-roll-pastry
1136,Steak-kidney-pie
1137,Steak-pie
1138,Steaks-haches-de-boeuf-frais
1139,Still-water
1140,Stilton
1141,Stir-fry-sauce
1142,Strawberries-canned
1143,Strawberry-licorice
1144,Strawberry-mousse
1145,Strawberry-preserves
1146,Strawberry-topping
1147,Strawberry-trifle
1148,Stringless-beans
1149,Stuffing
1150,Sucre
1151,Sucres
1152,Sugar-cane-drink
1153,Sugar-free-confectionary
1154,Sugarsnap-peas
1155,Sugary snacks
1156,Sultanas
1157,Sun-dried-tomatoes
1158,Sundried-tomatoes
1159,Sunflower-oil-spread
1160,Sunflower-spread
1161,Sunstream-tomatoes
1162,Suppenwurfel
1163,Surgelati
1164,Sushi
1165,Sushis
1166,Sushki
1167,Sussungsmittel
1168,Susswaren
1169,Swede
1170,Sweet-biscuits
1171,Sweet-chilli-sauce
1172,Sweet-olives
1173,Sweetcorn
1174,Sweetcorn-and-peas
1175,Sweetcorn-relish
1176,Sweetelle-tomatoes
1177,Sweeteners
1178,Swiss-chocolate-wafer
1179,Syrups
1180,Tabbouleh
1181,Tabouleh-salad
1182,Taco-shells
1183,Tandoori-chicken-masala
1184,Tarama
1185,Tartar-sauce
1186,Tarts
1187,Tea-drinks
1188,Tea-lemonade
1189,Tee
1190,Tejszin
1191,Terrine
1192,Thes-glaces
1193,Thes-verts
1194,Thin-mints
1195,Thons-en-conserve
1196,Tiefkuhlpizza
1197,Tigernuts
1198,Tintenfisch
1199,Tisane
1200,Tom-yum-soup
1201,Tomato-chilli-relish
1202,Tomato-ketchup
1203,Tomkin-tomatoes
1204,Topping
1205,Toppings
1206,Tortilla
1207,Tortilla-chips
1208,Tortilla-wraps
1209,Tortillas
1210,Trail-mix
1211,Tranches-de-saumon
1212,Trimmed-beans
1213,Tuiles-salees
1214,Tuna-steak
1215,Tuna-steaks
1216,Turkey-bacon
1217,Turkey-burgers
1218,Turkish-delight
1219,Turkish-fermented-drink
1220,Two-crust Pies
1221,Umbrichelli
1222,Unsalted-butter
1223,Vanilla-soymilk
1224,Vanilla-waffles
1225,Vegan-chicken-nuggets
1226,Vegetable-fat-spread
1227,Vegetable-pate
1228,Vegetarian-chicken-fillets
1229,Vegetarian-fish-fillets
1230,Vegetarian-frozen-food
1231,Vegetarian-mock-meat
1232,Vegetarische-kazen
1233,Vegetarische-worstjes
1234,Venison
1235,Venison-burger
1236,Viande
1237,Vin-de-californie
1238,Vinaigres
1239,Vinegars
1240,Vinho-tinto
1241,Vins-rouges
1242,Vitamins
1243,Vleeswaren
1244,Waffles
1245,Wasabi
1246,Wasabi-horseradish
1247,Wasabi-popcorn
1248,Water-crackers
1249,Wheat-cereals
1250,Wheatflour
1251,Whipping-cream
1252,Whipping-fresh-cream
1253,Whisky-ecossais
1254,White-coconut-chocolate
1255,White-peaches
1256,White-pitta-bread
1257,White-plain-flour
1258,White-quinoa
1259,White-rhum
1260,Whole olives
1261,Whole-bean-coffee
1262,Whole-bean-sprouts-canned
1263,Whole-chicken
1264,Whole-wheat-beard
1265,Whole-wheat-penne-rigate
1266,Whole-wheat-pita-bread
1267,Whole-wheat-tortillas
1268,Wholefood
1269,Wholemeal-bread
1270,Woolworths
1271,Wortelsappen
1272,Wraps
1273,Yaourt
1274,Yaourt-aux-fruits
1275,Yaourts-aux-fruits
1276,Yeast
1277,Yellow-mustard
1278,Yellow-peaches
1279,Yoghurts-op-een-laag-fruit
